article_id,portal,title,order_A,order_B,transcription_preview,ai_article_preview,well_written_verdict_raw,well_written_winner_presented,well_written_confidence,well_written_justification,well_written_winner_kind,human_written_verdict_raw,human_written_winner_presented,human_written_confidence,human_written_justification,human_written_winner_kind
001-2015beyondobamanewcongressneed,foxnews,"2015: Beyond Obama, new Congress, we need a revival of the American spirit",ai,original,"[
  ""Article uses the film 'Girl, Interrupted' as a framing device, quoting a line about institutional distrust to parallel contemporary societal concerns."",
  ""Author asserts that traditional American institutions and self-confidence are declining despite economic prosperity (e.g., stock market hig","{
  ""title"": ""The Unraveling of American Confidence: A Call for Spiritual Renewal"",
  ""body"": ""In an era of apparent prosperity, a deeper malaise grips the American spirit. The decline of trust in institutionsfrom family to governmentreflects not merely political discontent, but a profound cultural ","{
  ""winner"": ""A"",
  ""confidence"": 0.85,
  ""justification"": ""Article A is more concise and focused, with a stronger rhetorical structure.""
}",a,0.85,"Article A is more concise and focused, with a stronger rhetorical structure.",ai,"{""winner"": ""B"", ""confidence"": 0.85, ""justification"": ""Article B contains more nuanced historical references and personal narrative elements typical of human writing.""}",b,0.85,Article B contains more nuanced historical references and personal narrative elements typical of human writing.,original
002-2015willamericacontinueitsslow,foxnews,2015: Will America continue its slow march toward destruction of liberty?,ai,original,"```json
{
    ""transcription"": [
        ""A British author residing in the US for 30 years recently criticized modern American governance, suggesting citizens have been misled into accepting European-style socialism while overlooking foundational liberties."",
        ""Author Os Guinness, known for d","{
  ""article"": ""In an era where political discourse often devolves into partisan shouting matches, it is worth pausing to consider foundational principles that once united Americans. The observations of author Os Guinness, who brings both an outsiders perspective and a deep reverence for American id","{
  ""winner"": ""A"",
  ""confidence"": 0.85,
  ""justification"": ""Article A is more cohesive and structured, with a clearer narrative flow and more polished prose.""
}",a,0.85,"Article A is more cohesive and structured, with a clearer narrative flow and more polished prose.",ai,"{
  ""winner"": ""A"",
  ""confidence"": 0.8,
  ""justification"": ""Article A exhibits more natural flow and cohesive argumentation.""
}",a,0.8,Article A exhibits more natural flow and cohesive argumentation.,ai
003-2015willnewcongressgetseriousa,foxnews,"2015: Will new Congress get serious about Putin, Russia?",original,ai,"```json
{
    ""transcription"": [
        ""• Russian President Vladimir Putin's 'The bear never asks permission' comment frames Russia as assertive and unconcerned with international approval"",
        ""• Russia continues aggressive actions post-Crimea annexation, exemplified by a near-miss incident ","{
    ""title"": ""The Unasked Permission: Navigating a World Where the Bear Roams Free"",
    ""body"": ""Vladimir Putins declaration that 'the bear never asks permission' is more than a turn of phraseit is a stark reflection of a geopolitical reality where norms of diplomacy and restraint are increasingl","{
  ""winner"": ""B"",
  ""confidence"": 0.9,
  ""justification"": ""Article B demonstrates superior structure, clarity, and conciseness.""
}",b,0.9,"Article B demonstrates superior structure, clarity, and conciseness.",ai,"{""winner"": ""B"", ""confidence"": 0.85, ""justification"": ""Article B demonstrates more sophisticated language and cohesive argument structure typical of human writing.""}",b,0.85,Article B demonstrates more sophisticated language and cohesive argument structure typical of human writing.,ai
004-300poundsjobreferenceexploitat,guardian,£300 for a job reference is the latest outrage in the exploitation of interns,original,ai,"{
  ""transcription"": [
    ""• Jan Mortier, through Civitatis International, charged former interns £300 for employment references after not paying them during the program."",
    ""• The 'junior associates' program was advertised as a training course costing over £1,600, not an internship, despite bei","{
  ""article"": ""The recent revelation that Civitatis International, under Jan Mortier, charged former participants 300 for employment referencesafter already extracting over 1,600 for a so-called training programis more than just an isolated case of exploitation. It is a symptom of a deeper societal","{""winner"": ""A"", ""confidence"": 0.85, ""justification"": ""Article A provides more detailed analysis and concrete examples to support its argument.""}",a,0.85,Article A provides more detailed analysis and concrete examples to support its argument.,original,"{""winner"": ""A"", ""confidence"": 0.8, ""justification"": ""Article A contains more natural narrative flow and conversational tone typical of human writing.""}",a,0.8,Article A contains more natural narrative flow and conversational tone typical of human writing.,original
005-actorartistphilanthropistmymot,foxnews,"Actor, artist, philanthropist: My mother's selfless love with me at the holidays and always",ai,original,"```json
{
  ""transcription"": [
    ""• Author expresses deep personal affection for the holiday season"",
    ""• Attributes this joy to family presence—six children and four grandchildren"",
    ""• Positions motherhood and grandmotherhood as her most valued life achievement"",
    ""• Explicitly frames t","{
  ""verdict"": ""The transcription provides a rich, emotionally resonant narrative centered on family legacy, maternal influence, and the profound value of caregiving, making it highly suitable for a thoughtful opinion article that explores themes of love, resilience, and purpose.""
}","{""winner"": ""B"", ""confidence"": 0.8, ""justification"": ""Article B demonstrates stronger narrative cohesion, emotional depth, and personal reflection.""}",b,0.8,"Article B demonstrates stronger narrative cohesion, emotional depth, and personal reflection.",original,"{""winner"": ""B"", ""confidence"": 0.9, ""justification"": ""Article B exhibits natural human storytelling with personal anecdotes and emotional depth.""}",b,0.9,Article B exhibits natural human storytelling with personal anecdotes and emotional depth.,original
006-afghanistanatcrucialjuncture,aljazeera,Afghanistan at crucial juncture,original,ai,"[
  ""The London Conference on Afghanistan occurs at a critical time, following the withdrawal of British forces from Camp Bastion and a subsequent Taliban attack on the same base, highlighting ongoing instability."",
  ""ISAF concludes its mission at year-end, with a reduced foreign force remaining un","{
  ""title"": ""Afghanistan's Precarious Horizon: A Test of Resolve and Realism"",
  ""body"": ""The London Conference on Afghanistan convenes against a backdrop of sobering realities: the withdrawal of foreign forces, a resilient insurgency, and a fragile new government grappling with immense challenges.","{""winner"": ""A"", ""confidence"": 0.85, ""justification"": ""Article A provides more detailed analysis, concrete examples, and nuanced context.""}",a,0.85,"Article A provides more detailed analysis, concrete examples, and nuanced context.",original,"{""winner"": ""A"", ""confidence"": 0.9, ""justification"": ""Article A demonstrates nuanced analysis and contextual depth characteristic of human writing.""}",a,0.9,Article A demonstrates nuanced analysis and contextual depth characteristic of human writing.,original
007-afghanistanconferencewonrock,aljazeera,Afghanistan conference won't rock the boat,original,ai,"[
  ""The London Conference is framed by the UK government as an opportunity for Afghanistan to commit to reform and for donors to reaffirm long-term support."",
  ""Despite official messaging, the conference is a routine ministerial-level meeting mandated by the 2012 Tokyo Mutual Accountability Framew","{
  ""title"": ""Beyond the Conference Table: A Call for Sincere Change in Afghan Aid"",
  ""body"": ""The London Conference on Afghanistan, like many before it, risks becoming another well-choreographed performance in the theater of international diplomacy. While framed as a commitment to reform and long-","{""winner"": ""B"", ""confidence"": 0.85, ""justification"": ""Article B is more concise, structured, and impactful with stronger rhetorical flow.""}",b,0.85,"Article B is more concise, structured, and impactful with stronger rhetorical flow.",ai,"{""winner"": ""A"", ""confidence"": 0.9, ""justification"": ""Article A contains specific personal anecdotes and detailed examples that reflect human experience and nuanced observation.""}",a,0.9,Article A contains specific personal anecdotes and detailed examples that reflect human experience and nuanced observation.,original
008-afghanistanreadydrawdown,aljazeera,Is Afghanistan ready for the drawdown?,ai,original,"• The International Security Assistance Force (ISAF) concludes after 13 years, transitioning to the Resolute Support Mission led by the U.S. and NATO partners, with troop numbers dropping sharply from 140,000 to 13,500 (mostly American) starting January 1.
• The author reflects on past predictions o","{
  ""title"": ""Afghanistan's Fragile Triumph: A Test of Resolve and Reform"",
  ""body"": ""As the International Security Assistance Force concludes its 13-year mission, transitioning to the leaner Resolute Support Mission, Afghanistan stands at a crossroads. This shift, marked by a dramatic reduction in","{""winner"": ""A"", ""confidence"": 0.8, ""justification"": ""Article A is more concise and structured.""}",a,0.8,Article A is more concise and structured.,ai,"{""winner"": ""A"", ""confidence"": 0.8, ""justification"": ""Article A exhibits more polished prose and tighter structure typical of human writing.""}",a,0.8,Article A exhibits more polished prose and tighter structure typical of human writing.,ai
009-aftercharliehebdoattackisla,aljazeera,"After Charlie Hebdo attack, the real war ",original,ai,"```json
{
  ""transcription"": [
    ""• France's Prime Minister Manuel Valls declares France is at war with 'radical Islam,' framing it as a conflict against terrorism, jihadism, and forces undermining fraternity, freedom, and solidarity."",
    ""• The article questions the validity of the term 'radica","{
  ""title"": ""Beyond the Battlefield: Why We Must Wage a War of Ideas Against Extremism"",
  ""body"": ""When Frances Prime Minister declared war on 'radical Islam,' he echoed a familiar refrain in the global struggle against terrorism. But such framing, while politically potent, risks simplifying a pro","{""winner"": ""B"", ""confidence"": 0.85, ""justification"": ""Article B is more concise, structured, and stylistically polished.""}",b,0.85,"Article B is more concise, structured, and stylistically polished.",ai,"{""winner"": ""B"", ""confidence"": 0.85, ""justification"": ""Article B demonstrates more natural flow and nuanced phrasing characteristic of human writing.""}",b,0.85,Article B demonstrates more natural flow and nuanced phrasing characteristic of human writing.,ai
010-americanevertortureagainlawsci,guardian,"If America wants to make sure it never tortures again, it must choose law over secrecy",ai,original,"- Senator Dianne Feinstein released a letter to Barack Obama advocating reforms to prevent future U.S. engagement in torture, following the release of the Senate torture report.
- The article implies Feinstein's effort is commendable but highlights that existing laws against torture, war crimes, and","{
  ""verdict"": ""The transcription highlights systemic failures in enforcing anti-torture laws, critiques political and legal impunity for the CIA, and calls for reforms to secrecy practices and accountability mechanisms.""
}","{""winner"": ""B"", ""confidence"": 0.95, ""justification"": ""Article B provides detailed analysis, specific examples, and coherent arguments while Article A is merely a summary verdict.""}",b,0.95,"Article B provides detailed analysis, specific examples, and coherent arguments while Article A is merely a summary verdict.",original,"{
  ""winner"": ""B"",
  ""confidence"": 0.95,
  ""justification"": ""Article B demonstrates nuanced argumentation and contextual depth characteristic of human writing.""
}",b,0.95,Article B demonstrates nuanced argumentation and contextual depth characteristic of human writing.,original
011-amnesiaimmigrationeuropelesson,guardian,"Amnesia, not immigration, is our problem",original,ai,"```json
{
  ""transcription"": [
    ""• Europe is experiencing a troubling rise in intolerance and xenophobia in early 2015, marked by mosque attacks in Sweden, anti-Islam demonstrations in Germany, and increasing antisemitism"",
    ""• Populist xenophobic parties gained significant traction in recent ","{
  ""title"": ""Europe's Inevitable Return to Itself"",
  ""body"": ""The recent surge of intolerance across Europefrom mosque burnings in Sweden to xenophobic marches in Germanyfeels like a sudden rupture. Yet history reveals this is not a new phenomenon but a painful reawakening of old demons. Europe ha","{""winner"": ""A"", ""confidence"": 0.85, ""justification"": ""Article A provides deeper historical context and nuanced analysis.""}",a,0.85,Article A provides deeper historical context and nuanced analysis.,original,"{
  ""winner"": ""A"",
  ""confidence"": 0.9,
  ""justification"": ""Article A exhibits nuanced historical context and narrative flow characteristic of human writing.""
}",a,0.9,Article A exhibits nuanced historical context and narrative flow characteristic of human writing.,original
012-anotherclimatechangesummitd,aljazeera,Another climate change summit: Don't give up,ai,original,"```json
{
  ""transcription"": [
    ""• Widespread disillusionment exists with global climate summits like COP20 due to historical failure to deliver necessary action"",
    ""• Despite past failures, 2014 represents a pivotal moment of genuine change across multiple sectors"",
    ""• Climate movement ha","{
  ""article"": ""In the shadow of past disappointments, a fragile yet palpable shift is underway in the global climate movement. For years, international summits like COP20 have been met with justified skepticismgrand stages for promises that often evaporated into inaction. But 2014 has defied this p","{""winner"": ""A"", ""confidence"": 0.85, ""justification"": ""Article A demonstrates superior structure, concision, and rhetorical elegance.""}",a,0.85,"Article A demonstrates superior structure, concision, and rhetorical elegance.",ai,"{""winner"": ""A"", ""confidence"": 0.8, ""justification"": ""Article A exhibits more polished prose and tighter structure.""}",a,0.8,Article A exhibits more polished prose and tighter structure.,ai
013-anxiousbritainsuccourtvleadere,guardian,Anxious Britain will find no succour in a TV election debate,ai,original,"```json
{
  ""transcription"": [
    ""• Author expresses conflicting views on TV election debates: believes Greens deserve inclusion based on parliamentary seats (equal to UKIP), polling (stronger than Liberal Democrats), and rejects arbitrary Ofcom judgments"",
    ""• Questions practical impact of deb","{
  ""title"": ""The Politics of Anxiety: Why Our Debates Fail to Address What Truly Ails Us"",
  ""body"": ""In an era where political discourse has devolved into a spectacle of mudslinging and performative conflict, it is no wonder that public trust continues to erode. The recent exclusion of the Greens ","{""winner"": ""A"", ""confidence"": 0.85, ""justification"": ""Article A presents a more structured, focused, and impactful argument with superior rhetorical flow.""}",a,0.85,"Article A presents a more structured, focused, and impactful argument with superior rhetorical flow.",ai,"{""winner"": ""B"", ""confidence"": 0.85, ""justification"": ""Article B exhibits more natural flow, varied sentence structure, and authentic narrative voice characteristic of human writing.""}",b,0.85,"Article B exhibits more natural flow, varied sentence structure, and authentic narrative voice characteristic of human writing.",original
014-areelectedlnpwithoutcampbellne,guardian,A re-elected LNP without Campbell Newman: could this be the election that returns Queensland to normality?,ai,original,"```json
{
  ""transcription"": [
    ""• The 2012 Queensland election resulted in a massive LNP landslide victory, reducing Labor from 51 to 7 seats while LNP surged from 34 to 78 seats"",
    ""• Current polling indicates a dramatic reversal, with Labor and LNP now tied at 50% each, suggesting a return ","{
  ""article"": ""The pendulum swings back: Queensland's political landscape returns to its natural equilibrium after the 2012 anomaly. The dramatic LNP landslide that yearreducing Labor to a mere seven seatswas never a true realignment, but rather a perfect storm of voter frustration. Now, with polli","{""winner"": ""A"", ""confidence"": 0.85, ""justification"": ""Article A demonstrates superior narrative flow and concise analytical depth.""}",a,0.85,Article A demonstrates superior narrative flow and concise analytical depth.,ai,"{""winner"": ""A"", ""confidence"": 0.85, ""justification"": ""Article A demonstrates more sophisticated narrative structure and stylistic polish characteristic of human writing.""}",a,0.85,Article A demonstrates more sophisticated narrative structure and stylistic polish characteristic of human writing.,ai
015-areyoudrinkingbecauseyourework,guardian,"Are you drinking because you're working long hours, or are you working long hours to justify drinking?",ai,original,"[
  ""International study finds working over 48 hours weekly increases risk of hazardous drinking by 11% compared to standard work hours."",
  ""Research based on 300,000 subjects from Europe, Australia, and North America, led by Finnish researchers."",
  ""Health guidelines define risk as over 14 drinks","{
  ""article"": ""The recent international study revealing an 11% increased risk of hazardous drinking among those working over 48 hours weekly is more than a statisticit is a mirror reflecting a deeply ingrained cultural and societal crisis. Led by Finnish researchers and spanning 300,000 subjects ac","{""winner"": ""A"", ""confidence"": 0.85, ""justification"": ""Article A demonstrates superior structure, conciseness, and rhetorical impact.""}",a,0.85,"Article A demonstrates superior structure, conciseness, and rhetorical impact.",ai,"{
  ""winner"": ""A"",
  ""confidence"": 0.85,
  ""justification"": ""Article A exhibits more nuanced argumentation and cohesive flow.""
}",a,0.85,Article A exhibits more nuanced argumentation and cohesive flow.,ai
016-argentinadebtcrisiscountryturn,foxnews,Argentina's Debt Crisis: Country turns to UN to avoid accountability,ai,original,"{
  ""transcription"": [
    ""• The article critiques Argentina's handling of sovereign debt defaults, highlighting its economic decline from a top 10 per capita income in the early 1900s to 55th by 2012."",
    ""• Argentina is accused of using stubbornness, bullying, and intimidation against debt hold","{
  ""article"": ""Argentinas recent campaign to reframe sovereign debt restructuring through the United Nations is a troubling blend of political theater and economic evasion. Once among the worlds wealthiest nations per capita, Argentinas decline to 55th place by 2012 is a story of self-inflicted wou","{""winner"": ""A"", ""confidence"": 0.85, ""justification"": ""Article A is more concise, better structured, and maintains a stronger rhetorical flow throughout.""}",a,0.85,"Article A is more concise, better structured, and maintains a stronger rhetorical flow throughout.",ai,"{""winner"": ""B"", ""confidence"": 0.9, ""justification"": ""Article B contains more journalistic details and structural elements typical of human-written news reporting.""}",b,0.9,Article B contains more journalistic details and structural elements typical of human-written news reporting.,original
017-argentinagrowthatwhatprice,aljazeera,Argentina: Growth at what price?,ai,original,"```json
{
  ""verdict"": [
    ""Argentina's development path conflicts directly with climate change mitigation needs."",
    ""Patagonia's average temperature rose 1°C in 50 years, causing glacier retreat."",
    ""Eastern rainfall increased 10%, with severe flooding linked to land use changes and ecosyst","{
  ""article"": ""Argentina stands at a critical crossroads, where the pursuit of economic growth has come at a devastating environmental cost. The nations development modelmarked by rampant deforestation, unchecked fossil fuel extraction, and agricultural expansiondirectly undermines global climate m","{""winner"": ""B"", ""confidence"": 0.9, ""justification"": ""Article B provides comprehensive evidence and specific data to support its claims.""}",b,0.9,Article B provides comprehensive evidence and specific data to support its claims.,original,"{
  ""winner"": ""B"",
  ""confidence"": 0.9,
  ""justification"": ""Article B contains specific data, dates, and contextual details typical of human research and reporting.""
}",b,0.9,"Article B contains specific data, dates, and contextual details typical of human research and reporting.",original
018-armeniacancountrussiaanymo,aljazeera,Armenia can't count on Russia any more,ai,original,"{
  ""transcription"": [
    ""• Armenia's traditional role as a reliable partner and ally of Russia has been largely unchallenged, driven by security and economic dependencies."",
    ""• Security reliance stems from the unresolved Nagorno-Karabakh conflict with Azerbaijan, absence of diplomatic relatio","{
  ""article"": ""A single tragedy can sometimes unravel decades of assumed stability. The recent murder of an Armenian family in Gyumri by a Russian soldier has done more than ignite public outrage; it has exposed the fragile foundations of Armenias long-standing alliance with Russia. For years, this","{""winner"": ""A"", ""confidence"": 0.85, ""justification"": ""Article A demonstrates superior structure and more polished prose.""}",a,0.85,Article A demonstrates superior structure and more polished prose.,ai,"{""winner"": ""A"", ""confidence"": 0.85, ""justification"": ""Article A demonstrates more sophisticated narrative flow and nuanced analysis.""}",a,0.85,Article A demonstrates more sophisticated narrative flow and nuanced analysis.,ai
019-asphyxiatedpoliticsmuslimw,aljazeera,The asphyxiated politics of the Muslim world,original,ai,"```json
{
  ""transcription"": [
    ""• Muslim communities globally are experiencing a crisis period in 2014, worsened by negative media coverage of ISIL and other violent groups"",
    ""• The article questions whether the Muslim world will recover or descend into long-term anarchy"",
    ""• Identifies ","{
  ""title"": ""At the Crossroads: Reclaiming Islam's Legacy Through Noble Leadership"",
  ""body"": ""The Muslim world stands at a precipice in 2014, caught between its luminous historical legacy and a present marred by internal failures and external perceptions dominated by groups like ISIL. This is not","{""winner"": ""B"", ""confidence"": 0.85, ""justification"": ""Article B demonstrates superior conciseness, clarity, and structural coherence while maintaining the same analytical depth.""}",b,0.85,"Article B demonstrates superior conciseness, clarity, and structural coherence while maintaining the same analytical depth.",ai,"{""winner"": ""A"", ""confidence"": 0.85, ""justification"": ""Article A demonstrates more nuanced human expression and organic flow compared to Article B's structured summary style.""}",a,0.85,Article A demonstrates more nuanced human expression and organic flow compared to Article B's structured summary style.,original
020-assadpresidentsyria,aljazeera,Assad's crumbling presidency ,original,ai,"```json
{
  ""transcription"": [
    ""• Syria is experiencing catastrophic collapse with mass displacement, destruction of cities, and erasure of borders."",
    ""• National heritage is being systematically looted or destroyed amid the conflict."",
    ""• Effective military control belongs to non-Syrian","{
  ""article"": ""The Syrian state as we knew it has ceased to exist. What remains is a fractured landscape of devastation, where sovereignty is a phantom and human suffering is the only universal currency. The transcript lays bare a chilling reality: Syria is not merely a nation at war, but a territo","{""winner"": ""B"", ""confidence"": 0.85, ""justification"": ""Article B demonstrates superior rhetorical precision and structural cohesion.""}",b,0.85,Article B demonstrates superior rhetorical precision and structural cohesion.,ai,"{""winner"": ""A"", ""confidence"": 0.8, ""justification"": ""Article A contains more specific details and journalistic markers.""}",a,0.8,Article A contains more specific details and journalistic markers.,original
021-atlantafirechiefwasfiredbecaus,foxnews,Atlanta Fire Chief: I was fired because of my Christian faith,ai,original,"```json
{
  ""verdict"": {
    ""transcription_summary"": [
      ""Kelvin Cochran's childhood poverty and early inspiration to become a firefighter after witnessing a neighborhood fire"",
      ""Rise from Shreveport fire chief to Atlanta fire chief (2008), including service in Obama Administration"",
    ","{
  ""article"": ""The case of Kelvin Cochran, former Atlanta fire chief, is a poignant reflection of the complex and often painful collisions between deeply held religious convictions and the evolving standards of public service in a pluralistic society. Cochrans journeyfrom a childhood marked by pove","{""winner"": ""A"", ""confidence"": 0.9, ""justification"": ""Article A demonstrates superior structure, coherence, and balanced analysis compared to Article B's fragmented and biased presentation.""}",a,0.9,"Article A demonstrates superior structure, coherence, and balanced analysis compared to Article B's fragmented and biased presentation.",ai,"{
  ""winner"": ""A"",
  ""confidence"": 0.9,
  ""justification"": ""Article A exhibits more nuanced analysis and polished prose typical of human writing.""
}",a,0.9,Article A exhibits more nuanced analysis and polished prose typical of human writing.,ai
022-badsciencedosdontslovedatingfi,guardian,Forget the bad science. Here are my top 5 dos and don’ts of dating,original,ai,"```json
{
  ""transcription"": [
    ""• Despite centuries of social development, modern dating requires increasingly complex tactics to form connections"",
    ""• Author critiques reliance on manipulation (pickup artists) or pseudoscientific approaches to dating"",
    ""• Specifically dismisses research","```json
{
  ""article"": {
    ""title"": ""The Unbearable Lightness of Dating: Why We've Made Connection Impossible"",
    ""content"": ""We live in the golden age of connectionand the dark age of actual connecting. The modern dating landscape has become a bizarre laboratory where human interaction gets dis","{""winner"": ""B"", ""confidence"": 0.85, ""justification"": ""Article B demonstrates superior structure, coherence, and thematic depth while maintaining a more polished writing style.""}",b,0.85,"Article B demonstrates superior structure, coherence, and thematic depth while maintaining a more polished writing style.",ai,"{""winner"": ""A"", ""confidence"": 0.85, ""justification"": ""Article A contains more distinctive human conversational patterns and humor.""}",a,0.85,Article A contains more distinctive human conversational patterns and humor.,original
023-beatingyourpartnercrimenotilln,guardian,"Beating your partner is a crime, not an illness",original,ai,"```json
{
    ""transcription"": [
        ""• Research claims domestic violence perpetrator programs (DVPPs) are more effective than criminal justice sanctions at stopping physical/sexual violence"",
        ""• Study by feminist academics Kelly and Westmarland based on interviews with perpetrators, par","{
    ""verdict"": {
        ""resonance"": true,
        ""thoughtfulness"": true,
        ""adherence_to_instructions"": true
    }
}","{""winner"": ""A"", ""confidence"": 0.95, ""justification"": ""Article A presents a substantive analysis with evidence and critical perspective, while Article B is a simple JSON structure.""}",a,0.95,"Article A presents a substantive analysis with evidence and critical perspective, while Article B is a simple JSON structure.",original,"{
  ""winner"": ""A"",
  ""confidence"": 0.95,
  ""justification"": ""Article A exhibits nuanced human analysis and critical engagement with research findings.""
}",a,0.95,Article A exhibits nuanced human analysis and critical engagement with research findings.,original
024-bedblockingsocialcarepolicypro,guardian,‘Bedblocking’ – the result of social care policy that puts profits ahead of people,original,ai,"```json
{
    ""transcription"": [
        ""- The term 'bedblocking' refers to patients remaining in hospital despite being medically fit for discharge due to inadequate social care availability."",
        ""- Contradicts David Cameron's characterization as a 'demand problem', framing it instead as a '","{
  ""article"": ""The term 'bedblocking' is a clinical euphemism for a profound moral failure. It describes patients trapped in hospitalsmedically fit to leave but with nowhere to gobecause our social care system is starved of resources. This is not, as some have claimed, a 'demand problem' fueled by ","{""winner"": ""B"", ""confidence"": 0.85, ""justification"": ""Article B demonstrates superior structure, conciseness, and rhetorical precision.""}",b,0.85,"Article B demonstrates superior structure, conciseness, and rhetorical precision.",ai,"{""winner"": ""A"", ""confidence"": 0.85, ""justification"": ""Article A demonstrates more natural human expression with personal anecdotes and conversational tone.""}",a,0.85,Article A demonstrates more natural human expression with personal anecdotes and conversational tone.,original
025-beyondnewyearresolutionsfiftee,foxnews,Beyond New Year's Resolutions: Fifteen ways to improve your life in 2015,ai,original,"```json
{
  ""transcription"": [
    ""• New Year's resolutions often fail quickly but there are 15 achievable ways to positively transform one's life starting January 1st"",
    ""• Completing five items will show noticeable improvement; completing all 15 could remake one's entire life"",
    ""• Author p","{
  ""article"": ""As the calendar turns, the familiar chorus of New Years resolutions echoes once moreoften met with enthusiasm, yet just as often abandoned by February. But what if this year, the promise of transformation didnt hinge on grand, unsustainable gestures, but on small, deliberate steps gr","{
  ""winner"": ""A"",
  ""confidence"": 0.85,
  ""justification"": ""Article A is more cohesive and stylistically polished.""
}",a,0.85,Article A is more cohesive and stylistically polished.,ai,"{
  ""winner"": ""B"",
  ""confidence"": 0.85,
  ""justification"": ""Article B contains specific details, personal examples, and a conversational tone typical of human writing.""
}",b,0.85,"Article B contains specific details, personal examples, and a conversational tone typical of human writing.",original
026-billycrystalwrongongaysexholly,guardian,Billy Crystal is wrong. There is nowhere near enough gayness on screen,ai,original,"```json
{
  ""transcription"": [
    ""• Billy Crystal expressed discomfort with gay characters and sex scenes on TV, calling them 'pushing it too far' and using the phrase 'shove it in our face'"",
    ""• His attempted clarification claiming equal discomfort with all gratuitous sexuality is viewed as i","```json
{
    ""verdict"": {
        ""tone"": ""resonant and thoughtful"",
        ""perspective"": ""critical yet measured"",
        ""rhetorical_quality"": ""effectively uses contrast and historical context"",
        ""adherence_to_prompt"": ""fully addresses all transcription points while maintaining opinion a","{""winner"": ""B"", ""confidence"": 0.9, ""justification"": ""Article B demonstrates superior rhetorical skill, argument structure, and persuasive impact.""}",b,0.9,"Article B demonstrates superior rhetorical skill, argument structure, and persuasive impact.",original,"{""winner"": ""B"", ""confidence"": 0.95, ""justification"": ""Article B exhibits nuanced rhetorical style and authentic human voice characteristic of opinion writing.""}",b,0.95,Article B exhibits nuanced rhetorical style and authentic human voice characteristic of opinion writing.,original
027-bokoharamterrornigeriagovernme,guardian,"Boko Haram’s deadly advance must be stopped, but how?",original,ai,"{
  ""transcription"": [
    ""• Boko Haram's recent massacre in Baga and use of child bombers represent an intensification, not a change, in its extreme tactics."",
    ""• The group is successfully overstretching Nigeria's military forces, gaining territorial control in northeastern areas like Borno st","{
  ""article"": ""The crisis unfolding in northeastern Nigeria is not merely a security failureit is a profound moral and strategic collapse. Boko Harams recent atrocities, including the massacre in Baga and the deplorable use of child bombers, underscore a brutal consistency in its campaign of terror","{""winner"": ""B"", ""confidence"": 0.85, ""justification"": ""Article B demonstrates superior conciseness, stronger rhetorical structure, and more impactful language while maintaining analytical depth.""}",b,0.85,"Article B demonstrates superior conciseness, stronger rhetorical structure, and more impactful language while maintaining analytical depth.",ai,"{""winner"": ""A"", ""confidence"": 0.8, ""justification"": ""Article A contains more nuanced details and specific examples characteristic of human analysis.""}",a,0.8,Article A contains more nuanced details and specific examples characteristic of human analysis.,original
028-britaineconomicrecoverylocalen,guardian,The big orange shed that holds the key to Britain’s economic recovery,ai,original,"[
  ""• Building Bloqs is a social enterprise located in a large orange shed on an industrial estate in north London, presented as a potential solution to Britain's broken economic model."",
  ""• It aims to revitalize the local economy by creating jobs and reintroducing manufacturing to a deindustrial","{
  ""article"": ""In an unassuming orange shed on a north London industrial estate, a quiet revolution is taking place. Building Bloqs represents precisely the kind of innovation and community-focused enterprise that politicians love to celebrateuntil it's time to actually support it. Here we find a m","{""winner"": ""A"", ""confidence"": 0.85, ""justification"": ""Article A demonstrates superior structure, conciseness, and rhetorical polish.""}",a,0.85,"Article A demonstrates superior structure, conciseness, and rhetorical polish.",ai,"{""winner"": ""B"", ""confidence"": 0.85, ""justification"": ""Article B exhibits more natural human storytelling and personal narrative flow.""}",b,0.85,Article B exhibits more natural human storytelling and personal narrative flow.,original
029-broadcastersmouthpiecesofelite,guardian,Our ‘impartial’ broadcasters have become mouthpieces of the elite,ai,original,"[
  ""Claims of political neutrality are illusory; stating 'no politics' actually indicates alignment with the status quo, as all individuals are inherently biased and influenced by their social environments."",
  ""Objectivity is unattainable, and the pretense of neutrality in journalism contributes t","{
  ""article"": ""The Illusion of Neutrality: How Medias Claim to Objectivity Undermines Democracy""
}","{""winner"": ""B"", ""confidence"": 0.9, ""justification"": ""Article B provides detailed evidence and analysis while Article A is only a title.""}",b,0.9,Article B provides detailed evidence and analysis while Article A is only a title.,original,"{""winner"": ""B"", ""confidence"": 0.95, ""justification"": ""Article B demonstrates nuanced argumentation and contextual depth characteristic of human writing.""}",b,0.95,Article B demonstrates nuanced argumentation and contextual depth characteristic of human writing.,original
030-buffaloschoolsspend54millionon,foxnews,"Buffalo schools spend $5.4 million on free plastic surgeries for teachers, despite massive deficit",original,ai,"```json
{
    ""verdict"": [
        ""Article reports Buffalo school district has $50 million budget deficit while spending $5.4 million annually on cosmetic surgery benefits for teachers"",
        ""Author characterizes cosmetic procedures (tummy tucks, breast lifts, nose jobs) as wasteful taxpayer-fu","# Cosmetic Priorities: When School Budgets Fund Tummy Tucks Over Teachers

In the Buffalo Public School District, a staggering $50 million budget deficit coincides with a $5.4 million annual expenditure on cosmetic surgery benefits for teachers. This includes procedures like tummy tucks, breast lift","{
  ""winner"": ""B"",
  ""confidence"": 0.85,
  ""justification"": ""Article B presents a more concise and focused argument with stronger rhetorical structure.""
}",b,0.85,Article B presents a more concise and focused argument with stronger rhetorical structure.,ai,"{
  ""winner"": ""A"",
  ""confidence"": 0.8,
  ""justification"": ""Article A contains more specific details and contextual evidence.""
}",a,0.8,Article A contains more specific details and contextual evidence.,original
031-bullyinharvardyardwhatprofesso,foxnews,A bully in Harvard Yard: What professor's $4 food fight tells us,ai,original,"{
  ""transcription"": [
    ""• Article describes an incident involving Harvard professor Ben Edelman and a Chinese immigrant family's restaurant, Sichuan Garden."",
    ""• Edelman, a Harvard law graduate and professor, accused the restaurant of overcharging him $4 for a takeout order."",
    ""• He enga","{
  ""article"": ""The recent incident involving Harvard professor Ben Edelman and a small family-run restaurant, Sichuan Garden, reveals a troubling disconnect between academic privilege and everyday humanity. Edelman, armed with a Harvard law degree and a position of influence, chose to wield his exp","{
  ""winner"": ""A"",
  ""confidence"": 0.85,
  ""justification"": ""Article A is more structured, concise, and maintains a professional tone while effectively conveying its argument.""
}",a,0.85,"Article A is more structured, concise, and maintains a professional tone while effectively conveying its argument.",ai,"{
  ""winner"": ""A"",
  ""confidence"": 0.9,
  ""justification"": ""Article A exhibits more refined structure and nuanced argumentation typical of human writing.""
}",a,0.9,Article A exhibits more refined structure and nuanced argumentation typical of human writing.,ai
032-californiablackwomanussenateka,guardian,"If California truly leads the nation, we can elect a black woman to the US Senate",original,ai,"• Barbara Boxer is retiring after more than 20 years as a U.S. Senator from California.
• Gavin Newsom, former San Francisco mayor and current lieutenant governor, is running for governor.
• Kamala Harris, the attorney general, is running for Boxer’s Senate seat.
• Harris’s candidacy is significant ","{
  ""article"": ""As Senator Barbara Boxer prepares to retire after two decades of service, California stands at a political crossroadsone that reflects both the states towering influence and the nations evolving identity. The candidacies of Kamala Harris for Senate and Gavin Newsom for governor are n","{""winner"": ""B"", ""confidence"": 0.85, ""justification"": ""Article B demonstrates superior structure, clarity, and formal tone throughout.""}",b,0.85,"Article B demonstrates superior structure, clarity, and formal tone throughout.",ai,"{""winner"": ""B"", ""confidence"": 0.9, ""justification"": ""Article B demonstrates more polished prose and cohesive structure typical of human writing.""}",b,0.9,Article B demonstrates more polished prose and cohesive structure typical of human writing.,ai
033-cameronfrittvdebatebashingfara,guardian,Cameron would rather look ‘frit’ than face a bashing from Farage,ai,original,"```json
{
  ""transcription_points"": [
    ""Three opposition leaders (Miliband, Clegg, Farage) have publicly agreed to participate in TV election debates regardless of Cameron's participation"",
    ""Cameron's team insists he will only participate if the Green Party is included, framing this as a demo","{
  ""headline"": ""The Unavoidable Stage: Why Leadership Debates Remain Essential"",
  ""author"": ""Political Analyst"",
  ""publication_date"": ""2024-03-15"",
  ""article_body"": ""The current standoff over election debates reveals more about modern politics than any scripted exchange ever could. While Prime M","{""winner"": ""A"", ""confidence"": 0.85, ""justification"": ""Article A demonstrates superior structure, clarity, and persuasive argumentation.""}",a,0.85,"Article A demonstrates superior structure, clarity, and persuasive argumentation.",ai,"{""winner"": ""B"", ""confidence"": 0.8, ""justification"": ""Article B demonstrates more natural human writing patterns with varied sentence structures and conversational tone.""}",b,0.8,Article B demonstrates more natural human writing patterns with varied sentence structures and conversational tone.,original
034-cameronobamabanencryptionimpro,guardian,Obama and Cameron’s ‘solutions’ for cybersecurity will make the internet worse,original,ai,"[
  ""The author criticizes the US and UK governments' cybersecurity approaches as misguided and counterproductive."",
  ""UK Prime Minister David Cameron proposed banning certain encryption forms, risking bans on apps like iMessage and WhatsApp, which experts decry as harmful to security and the econo","{
  ""article"": ""In an era where digital security is paramount, the recent cybersecurity proposals from the US and UK governments reveal a troubling disconnect between political rhetoric and practical reality. The call to ban certain forms of encryption, as floated by UK Prime Minister David Cameron,","{""winner"": ""B"", ""confidence"": 0.85, ""justification"": ""Article B is more concise, structured, and maintains a professional tone while effectively conveying the same arguments.""}",b,0.85,"Article B is more concise, structured, and maintains a professional tone while effectively conveying the same arguments.",ai,"{""winner"": ""A"", ""confidence"": 0.85, ""justification"": ""Article A contains more specific details, examples, and conversational tone typical of human writing.""}",a,0.85,"Article A contains more specific details, examples, and conversational tone typical of human writing.",original
035-canbreatheobamalastchancech,aljazeera,We can't breathe: Obama's last chance for change ,original,ai,"```json
{
  ""transcription"": [
    ""• The non-indictment of Daniel Pantaleo for Eric Garner's death follows a predictable pattern, similar to Darren Wilson's case in Ferguson, reflecting systemic issues."",
    ""• These consecutive rulings and resulting protests create a critical opportunity for Pres","{
  ""article"": ""The non-indictment of Daniel Pantaleo in the death of Eric Garner is not a malfunction of the justice systemit is the system working exactly as designed. This outcome, echoing the Darren Wilson case in Ferguson, reveals a chilling truth: violence against minorities, particularly Blac","{
  ""winner"": ""B"",
  ""confidence"": 0.85,
  ""justification"": ""Article B is more concise and impactful.""
}",b,0.85,Article B is more concise and impactful.,ai,"{""winner"": ""A"", ""confidence"": 0.85, ""justification"": ""Article A demonstrates more nuanced human expression and contextual depth.""}",a,0.85,Article A demonstrates more nuanced human expression and contextual depth.,original
036-cansolarpowerreplaceoilmid,aljazeera,Can solar power replace oil in the Middle East?,original,ai,"[
  ""The rise of shale oil has challenged OPEC's dominance, leading to a global oil price war and reduced profits as members cut prices to maintain market share."",
  ""The Middle East possesses abundant solar energy potential, offering a strategic opportunity to gain a first-mover advantage in the re","{
  ""article"": ""The sun-drenched landscapes of the Middle East have long been synonymous with oil derricks and petrodollars, but a quiet revolution is brewingone that could redefine the regions role in the global energy landscape. For decades, OPECs grip on oil markets seemed unshakable, yet the ris","{""winner"": ""B"", ""confidence"": 0.85, ""justification"": ""Article B demonstrates superior conciseness, stronger narrative flow, and more impactful language while covering the same key points.""}",b,0.85,"Article B demonstrates superior conciseness, stronger narrative flow, and more impactful language while covering the same key points.",ai,"{""winner"": ""B"", ""confidence"": 0.85, ""justification"": ""Article B demonstrates more natural flow and nuanced phrasing typical of human writing.""}",b,0.85,Article B demonstrates more natural flow and nuanced phrasing typical of human writing.,ai
037-catastrophebritishsitcomsgloba,guardian,The push for a global audience could be a catastrophe for British sitcoms,ai,original,"```json
{
  ""transcription"": [
    ""• The author expresses strong admiration for Sharon Horgan's previous sitcom 'Pulling', describing it as brilliant, unfiltered, bleak, and a classic British sitcom that inspired evangelistic recommendations"",
    ""• 'Pulling' is characterized as being riven with s","{
  ""headline"": ""The Cost of Polishing Our Stories"",
  ""article"": ""In an age where entertainment crosses borders with unprecedented ease, a quiet but vital question emerges: what do we lose when we sand down the rough edges of our cultural narratives? The shift from Sharon Horgans raw, unflinching '","{""winner"": ""A"", ""confidence"": 0.9, ""justification"": ""Article A is more structured and coherent.""}",a,0.9,Article A is more structured and coherent.,ai,"{""winner"": ""A"", ""confidence"": 0.85, ""justification"": ""Article A exhibits more polished structure and consistent thematic development.""}",a,0.85,Article A exhibits more polished structure and consistent thematic development.,ai
038-catholicsbreedlikerabbitscontr,guardian,So Catholics needn’t breed like rabbits. Then let’s drop the contraception con,ai,original,"{
  ""transcription"": [
    ""• The Vatican historically lacks clarity, using Latin documents that require translation and interpretation for the faithful."",
    ""• Pope Francis's recent statements on contraception have been particularly bewildering, contradicting the church's traditional stance again","{
  ""article"": ""In an age defined by rapid social evolution and growing emphasis on individual autonomy, the Catholic Church finds itself at a critical crossroads. The recent, bewildering statements by Pope Francis on contraceptionsuggesting the use of 'natural' methods while cautioning against bree","{""winner"": ""A"", ""confidence"": 0.85, ""justification"": ""Article A demonstrates superior structure, clarity, and formal tone compared to Article B's conversational style.""}",a,0.85,"Article A demonstrates superior structure, clarity, and formal tone compared to Article B's conversational style.",ai,"{
  ""winner"": ""B"",
  ""confidence"": 0.85,
  ""justification"": ""Article B exhibits more conversational tone and personal reflection typical of human writing.""
}",b,0.85,Article B exhibits more conversational tone and personal reflection typical of human writing.,original
039-cdcchiefwestafricanssaythankfo,foxnews,"CDC chief: West Africans say, ""thank you for helping us protect ourselves""",original,ai,"- Dr. Tom Frieden, director of the CDC, recently visited Sierra Leone, Guinea, and Liberia to observe and support Ebola response efforts.
- Over 170 CDC staff are deployed in West Africa with a dual mission: stopping the current Ebola outbreak and strengthening local public health systems to prevent","{
  ""article"": ""In the fight against Ebola, the work of the CDC in West Africa is a stark reminder that global health is not a distant concern but a shared responsibility. With over 170 staff deployed and a commitment to remain until the epidemic is contained, their effortstraining frontline workers","{""winner"": ""B"", ""confidence"": 0.8, ""justification"": ""Article B is more concise and impactful with stronger thematic cohesion.""}",b,0.8,Article B is more concise and impactful with stronger thematic cohesion.,ai,"{""winner"": ""A"", ""confidence"": 0.8, ""justification"": ""Article A contains specific details and informal phrasing typical of human writing.""}",a,0.8,Article A contains specific details and informal phrasing typical of human writing.,original
040-chaplainpunishedforsharinghisf,foxnews,Chaplain punished for sharing his faith in suicide prevention class,original,ai,"```json
{
  ""verdict"": [
    ""• U.S. Army Chaplain Joseph Lawhorn was disciplined via a Letter of Concern for discussing his personal faith and quoting the Bible during a suicide prevention training session."",
    ""• The incident occurred on November 20th with the 5th Ranger Training Battalion at th","{
  ""title"": ""A Troubling Silence: When Faith is Muted in the Battle Against Despair"",
  ""body"": ""The recent disciplinary action against U.S. Army Chaplain Joseph Lawhorn strikes at the heart of a profound and painful tension within our military: the balance between secular protocol and the spiritua","{""winner"": ""B"", ""confidence"": 0.8, ""justification"": ""Article B demonstrates superior structure, clarity, and persuasive argumentation.""}",b,0.8,"Article B demonstrates superior structure, clarity, and persuasive argumentation.",ai,"{""winner"": ""A"", ""confidence"": 0.9, ""justification"": ""Article A contains journalistic details and direct quotes while Article B reads like an opinion piece.""}",a,0.9,Article A contains journalistic details and direct quotes while Article B reads like an opinion piece.,original
041-charliehebdoarenotallowedlaug,aljazeera,Charlie Hebdo: Are we not allowed to laugh any more?,ai,original,"```json
{
  ""transcription"": [
    ""• Charlie Hebdo was attacked by three French citizens claiming allegiance to al-Qaeda"",
    ""• Cartoonist Cabu, a beloved children's television host, was among those killed, creating national grief and questioning of free expression limits"",
    ""• Attackers refer","{
  ""article"": ""The Charlie Hebdo attack forced Franceand the worldto confront uncomfortable questions about free speech, identity, and the consequences of foreign policy. While the immediate response rightly mourned the victims and championed libert, a deeper examination reveals that the tragedy ca","{""winner"": ""B"", ""confidence"": 0.8, ""justification"": ""Article B provides more comprehensive analysis with specific examples and contextual depth.""}",b,0.8,Article B provides more comprehensive analysis with specific examples and contextual depth.,original,"{""winner"": ""B"", ""confidence"": 0.85, ""justification"": ""Article B exhibits more nuanced narrative flow and contextual depth typical of human writing.""}",b,0.85,Article B exhibits more nuanced narrative flow and contextual depth typical of human writing.,original
042-charliehebdocartoonistssmarter,guardian,The Charlie Hebdo cartoonists were smarter theologians than the jihadis,original,ai,"{
  ""transcription"": [
    ""• The article identifies a disturbing commonality between the Paris terrorists and Charlie Hebdo cartoonists: both engage in forms of iconoclasm, though with vastly different methods and intents."",
    ""• Iconoclasm is defined in two ways: 1) rejecting established views a","{
  ""title"": ""The Unlikely Allies: Iconoclasm, Satire, and the Paradox of Modern Extremism"",
  ""body"": ""In the wake of the Charlie Hebdo attacks, public discourse fractured into familiar trenches: free speech absolutists versus defenders of religious sanctity. Yet a deeper, more unsettling irony lie","{""winner"": ""B"", ""confidence"": 0.85, ""justification"": ""Article B demonstrates superior structure, clarity, and rhetorical polish while maintaining equivalent depth.""}",b,0.85,"Article B demonstrates superior structure, clarity, and rhetorical polish while maintaining equivalent depth.",ai,"{""winner"": ""A"", ""confidence"": 0.85, ""justification"": ""Article A exhibits more natural human phrasing and personal reflection.""}",a,0.85,Article A exhibits more natural human phrasing and personal reflection.,original
043-charliehebdoislamcartoonterr,aljazeera,Why Charlie Hebdo attack is not about Islam,original,ai,"{
  ""transcription"": [
    ""• Twelve people were killed in Paris for expressing opinions through art, with no justification for such violence across any era or religion."",
    ""• The violence is explained by a systemic issue rooted in centuries of colonialism, making such acts predictable and inevit","{
  ""verdict"": {
    ""resonance"": ""high"",
    ""thoughtfulness"": ""high"",
    ""relevance"": ""complete"",
    ""tone"": ""balanced""
  }
}","{""winner"": ""A"", ""confidence"": 0.9, ""justification"": ""Article A demonstrates superior depth and analytical rigor.""}",a,0.9,Article A demonstrates superior depth and analytical rigor.,original,"{
  ""winner"": ""A"",
  ""confidence"": 0.95,
  ""justification"": ""Article A exhibits nuanced historical analysis and complex argumentation characteristic of human writing.""
}",a,0.95,Article A exhibits nuanced historical analysis and complex argumentation characteristic of human writing.,original
044-charliehebdotwilightwestern,aljazeera,Charlie Hebdo and western liberalism,ai,original,"{
  ""transcription"": [
    ""• The Charlie Hebdo attack is condemned, but the public discourse has been co-opted by a hegemonic Western liberal narrative that simplistically frames it as an assault on free speech by Islam."",
    ""• The author argues that this narrative ignores the broader historical ","{
  ""article"": ""The Charlie Hebdo tragedy, like all acts of terror, deserves unequivocal condemnation. Yet, in its aftermath, the public conversation has been flattened into a familiar, self-congratulatory narrative: a stark battle between 'free speech' and 'Islamic extremism.' This framing, while e","{""winner"": ""A"", ""confidence"": 0.8, ""justification"": ""Article A presents a more concise and focused argument with tighter prose.""}",a,0.8,Article A presents a more concise and focused argument with tighter prose.,ai,"{""winner"": ""B"", ""confidence"": 0.8, ""justification"": ""Article B demonstrates more nuanced historical context and complex sentence structures typical of human writing.""}",b,0.8,Article B demonstrates more nuanced historical context and complex sentence structures typical of human writing.,original
045-charliehebdousthem,aljazeera,Charlie Hebdo: 'Us or them',ai,original,"```json
{
  ""transcription"": [
    ""• The Charlie Hebdo and kosher supermarket attacks in France (17 total deaths) are unequivocally condemned as horrendous and unjustifiable acts of violence"",
    ""• Core principle: No cartoonist or innocent civilian ever deserves to be killed for their work or ide","{
  ""article"": ""In the shadow of unspeakable tragedythe brutal attacks at Charlie Hebdo and a kosher supermarket in Francewe are left grappling not only with grief but with the perilous crossroads of our collective response. Seventeen lives were extinguished in acts of violence that must be condemne","{""winner"": ""A"", ""confidence"": 0.8, ""justification"": ""Article A demonstrates superior structure and concision while maintaining the same nuanced argument.""}",a,0.8,Article A demonstrates superior structure and concision while maintaining the same nuanced argument.,ai,"{""winner"": ""B"", ""confidence"": 0.85, ""justification"": ""Article B exhibits more natural flow and varied sentence structure typical of human writing.""}",b,0.85,Article B exhibits more natural flow and varied sentence structure typical of human writing.,original
046-chedevansdebategordontaylorvic,guardian,"Just when the Ched Evans debate couldn’t get any lower, up pops Gordon Taylor OBE",ai,original,"```json
{
  ""transcription"": [
    ""• Gordon Taylor, PFA chief, invoked Hillsborough disaster to defend Ched Evans' claim of innocence, drawing immediate criticism for inappropriate comparison"",
    ""• Author characterizes Taylor as: incompetent, self-serving, overpaid (£984,000/year), morally compr","{
  ""article"": ""Gordon Taylors recent invocation of the Hillsborough disaster in defense of Ched Evans was not merely a misstepit was a revealing symptom of a deeper decay. As head of the Professional Footballers Association, Taylor occupies a role that demands moral clarity and unwavering advocacy ","{""winner"": ""B"", ""confidence"": 0.85, ""justification"": ""Article B demonstrates superior depth, structure, and rhetorical sophistication with more compelling evidence and nuanced argumentation.""}",b,0.85,"Article B demonstrates superior depth, structure, and rhetorical sophistication with more compelling evidence and nuanced argumentation.",original,"{
  ""winner"": ""B"",
  ""confidence"": 0.9,
  ""justification"": ""Article B exhibits more nuanced language, personal anecdotes, and a conversational tone characteristic of human writing.""
}",b,0.9,"Article B exhibits more nuanced language, personal anecdotes, and a conversational tone characteristic of human writing.",original
047-childreneducationpeshawarma,aljazeera,We are breaking promises to our children,original,ai,"```json
{
  ""transcription"": [
    ""• Unity and strength can emerge from tragedy and evil acts, with adversity fostering courage and determination"",
    ""• 2014 marked severe violence against children, particularly through school attacks, creating urgency for 2015 to become a year of hope and action","{
  ""article"": ""In the shadow of unspeakable tragediesthe massacre of 132 children in Pakistan, the systematic targeting of schools, the enslavement of the innocenta new force is rising. It is not led by governments or institutions that have, for too long, broken promises like the unfulpledged unive","{""winner"": ""A"", ""confidence"": 0.85, ""justification"": ""Article A provides more comprehensive evidence and detailed examples to support its argument.""}",a,0.85,Article A provides more comprehensive evidence and detailed examples to support its argument.,original,"{""winner"": ""A"", ""confidence"": 0.85, ""justification"": ""Article A contains more nuanced human-like details and narrative flow.""}",a,0.85,Article A contains more nuanced human-like details and narrative flow.,original
048-childrentownsandcitiesrobbedsp,guardian,Children in our towns and cities are being robbed of safe spaces to play,ai,original,"[
  ""The author laments the severe lack of safe, unsupervised outdoor play spaces for children in modern housing estates, framing it as a critical social failure."",
  ""Implicitly critiques urban planning and societal priorities that neglect children's needs, suggesting a community is dysfunctional w","{
  ""article"": ""In the quiet cul-de-sacs and manicured lawns of modern housing estates, a profound silence echoesthe sound of childhoods absence. The systematic erosion of spaces where children can roam, explore, and simply be, unsupervised and free, is not merely an oversight in urban design; it is","{""winner"": ""A"", ""confidence"": 0.85, ""justification"": ""Article A demonstrates superior structure, coherence, and rhetorical polish.""}",a,0.85,"Article A demonstrates superior structure, coherence, and rhetorical polish.",ai,"{""winner"": ""B"", ""confidence"": 0.85, ""justification"": ""Article B has more authentic human voice with personal observations and direct engagement.""}",b,0.85,Article B has more authentic human voice with personal observations and direct engagement.,original
049-christiancelebratesherfirsthan,foxnews,A Christian celebrates her first Hanukkah ,ai,original,"```json
{
  ""verdict"": [
    ""- Author recounts discovering Jewish heritage through maternal lineage after moving to New Jersey, despite lifelong Methodist upbringing"",
    ""- Orthodox Jewish woman at garage sale informs author that Jewish identity passes matrilineally (mother and grandmother being ","```json
{
  ""article"": {
    ""title"": ""Finding Myself in the Space Between Identities"",
    ""content"": ""Sometimes identity finds you when you least expect itin a New Jersey driveway, amid cardboard boxes and discarded household items, a stranger looked at me and saw something I never knew was there.","{""winner"": ""A"", ""confidence"": 0.9, ""justification"": ""Article A demonstrates superior narrative structure and literary quality.""}",a,0.9,Article A demonstrates superior narrative structure and literary quality.,ai,"{""winner"": ""A"", ""confidence"": 0.9, ""justification"": ""Article A demonstrates superior narrative flow and emotional depth characteristic of human writing.""}",a,0.9,Article A demonstrates superior narrative flow and emotional depth characteristic of human writing.,ai
050-christianexfirechieffiresbacka,foxnews,"Christian ex-fire chief fires back at Atlanta mayor, files discrimination complaint",ai,original,"- Kelvin Cochran, former Atlanta Fire Chief, filed an EEOC complaint alleging religious discrimination after being fired.
- Cochran claims termination resulted from authoring a book expressing his Christian views, which included describing homosexuality as ""vile"" and among ""sexual perversions.""
- Hi","{
  ""title"": ""The Uncomfortable Intersection of Faith and Public Service"",
  ""verdict"": ""The Cochran case reveals a profound tension between religious liberty and professional accountability, where neither side emerges unscathed, and the real casualty may be our capacity for nuanced discourse in the","{""winner"": ""A"", ""confidence"": 0.9, ""justification"": ""Article A presents a concise, balanced thesis while Article B is a lengthy, biased opinion piece with inflammatory language.""}",a,0.9,"Article A presents a concise, balanced thesis while Article B is a lengthy, biased opinion piece with inflammatory language.",ai,"{
  ""winner"": ""A"",
  ""confidence"": 0.9,
  ""justification"": ""Article A presents a balanced, nuanced summary while Article B contains biased language and informal interjections.""
}",a,0.9,"Article A presents a balanced, nuanced summary while Article B contains biased language and informal interjections.",ai
