article_id,portal,title,order_A,order_B,transcription_preview,ai_article_preview,well_winner_presented,well_confidence,well_justification,well_winner_kind,human_winner_presented,human_confidence,human_justification,human_winner_kind
001-2015beyondobamanewcongressneed,foxnews,"2015: Beyond Obama, new Congress, we need a revival of the American spirit",ai,original,"```json
{
  ""transcription"": [
    ""• The article draws a parallel between societal turmoil in 1967 (Vietnam War era) and contemporary 2014, using a film reference ('Girl, Interrupted') to highlight institutional distrust"",
    ""• Presents Pew Research data showing a decline in traditional family structures: only 46% of children live with married heterosexual parents in 2014, compared to 73% in 1960"",
    ""• Attributes this decline primarily to Baby Boomer-era values that promoted cohabitation, ","{
  ""title"": ""The Unraveling and the Mend: On Family, Duty, and the Soul of a Nation"",
  ""body"": ""In an age where trust in institutions frays at the edges and the fabric of society seems increasingly threadbare, it is worth pausing to consider what holds a nation together. The parallels drawn between the turmoil of the 1960s and our contemporary unease are not merely academic; they are a mirror reflecting a persistent struggle between individualism and collective responsibility. The decline of t",a,0.78,"Article A is more cohesive, polished, and free of distracting elements and inflammatory language.",ai,b,0.72,"Article B has concrete references, natural flow, and idiosyncratic details typical of human-written op-eds.",original
002-2015willamericacontinueitsslow,foxnews,2015: Will America continue its slow march toward destruction of liberty?,ai,original,"- A British author living in the U.S. for 30 years claims Americans are being misled into accepting European-style socialism, neglecting the legacy of personal liberty from the Declaration of Independence and U.S. Constitution.
- The author, Os Guinness, advocates for individual liberty and personal dignity, opposing what he describes as an unrestrained, ""no givens, no rules, no limits"" government.
- The article asserts that the government has shifted from a constitutionally limited protector of","{
  ""verdict"": ""The transcription presents a coherent argument rooted in constitutionalism and individual liberty, critiquing government overreach and bipartisan failures. It maintains a consistent ideological perspective without logical contradictions or factual inaccuracies within its stated framework.""
}",b,0.74,"Article B presents a substantive, structured argument, whereas A is a brief meta-commentary rather than a full article.",original,b,0.94,"Article B exhibits rich narrative structure, specific details, and stylistic nuance typical of human writing.",original
003-2015willnewcongressgetseriousa,foxnews,"2015: Will new Congress get serious about Putin, Russia?",original,ai,"```json
{
  ""transcription"": [
    ""• Vladimir Putin's 'The bear never asks permission' comment frames Russia as an assertive power operating without external approval"",
    ""• Russia continues aggressive military posturing after Crimea annexation, including dangerous aerial incidents near NATO airspace"",
    ""• Over 40 serious Russia-NATO incidents documented in 8 months, indicating persistent tension"",
    ""• Obama administration maintains limited sanctions approach against specific Russian in","{
  ""article"": ""In the shadow of Vladimir Putins assertion that 'the bear never asks permission,' a stark recalibration of U.S. and NATO strategy is unfoldingone that mirrors Russias own unapologetic posture. This shift, born from years of failed conciliation and escalating aggression, marks a sobering admission: deterrence, not dialogue, may now be the only language Moscow understands.\n\nThe Obama administrations measured sanctions and diplomatic overtures, once hopeful gestures, now appear tr",b,0.9,"Article B is more coherent, polished, and grammatically consistent, with a clearer argumentative structure.",ai,a,0.62,"Article A’s messy formatting, specific sourcing, and minor inconsistencies feel more like typical human-written news commentary.",original
004-300poundsjobreferenceexploitat,guardian,£300 for a job reference is the latest outrage in the exploitation of interns,original,ai,"```json
{
  ""transcription"": [
    ""• Jan Mortier charged former interns £300 for employment references after running an unpaid 'junior associates' program through Civitatis International"",
    ""• The three-month program itself cost participants over £1,600 and was marketed as training rather than an internship"",
    ""• Author positions this as exploiting vulnerable, overqualified but unemployed young people who feel devalued by the economy"",
    ""• Three factors enable this exploitation: 1) You","{
  ""title"": ""The 300 Bribe: How Predatory Practices Are Poisoning the Job Market"",
  ""body"": ""Jan Mortiers schemecharging 300 for employment references after a 1,600 unpaid 'training' programis more than an isolated scandal. It is a symptom of a deeper sickness in our economy, one that preys on the vulnerable and erodes the very foundations of fair hiring. This practice exploits young people who have been told they are 'unemployable,' leverages generational guilt to fund it, and corrupts the in",a,0.7,Article A offers fuller argumentation with concrete details and clearer narrative flow.,original,a,0.89,"Article A has nuanced, idiomatic prose and detailed narrative typical of human opinion writing.",original
005-actorartistphilanthropistmymot,foxnews,"Actor, artist, philanthropist: My mother's selfless love with me at the holidays and always",ai,original,"```json
{
  ""transcription"": [
    ""• Author expresses deep personal appreciation for the holiday season, associating it with family joy."",
    ""• Identifies motherhood and grandmotherhood as her most valued life role, implying societal and personal prioritization of family."",
    ""• Draws explicit connection between her parenting philosophy and the influence of her own mother, Mieke."",
    ""• Reveals mother's traumatic history as a survivor of a Japanese concentration camp during WWII, establis","In the quiet moments between the twinkling lights and the warmth of gathered family, the holiday season invites reflectionnot just on the year past, but on the legacies that shape us. For many, this time is a tapestry woven with threads of tradition, love, and memory. But for some, like the author whose words we consider, it is also a profound reminder of how resilience and selflessness, forged in the crucible of hardship, become the bedrock of a life well-lived.

The authors reflection centers ",a,0.9,"Article A is more polished, coherent, and stylistically refined with stronger structure and language.",ai,b,0.69,"Article B has concrete personal details and natural imperfections, whereas A reads like polished AI-generated prose.",original
006-afghanistanatcrucialjuncture,aljazeera,Afghanistan at crucial juncture,original,ai,"```json
{
  ""transcription"": [
    ""• The London Conference on Afghanistan occurs at a critical moment, following the withdrawal of British forces from Camp Bastion and a subsequent Taliban attack on the same base."",
    ""• Recent insurgent violence in Kabul targets diplomats, NGOs, and US contractors, raising questions about its causes and implications for Afghanistan's future."",
    ""• ISAF concludes its mission at year-end, with a reduced force of 12,000 troops (mostly US) remaining to suppor","{
  ""article"": ""As the last of the international combat forces prepare to depart Afghanistan by the end of 2016, the London Conference on Afghanistan convenes under a cloud of urgency and sober reflection. The recent Taliban attack on Camp Bastiona base freshly vacated by British troopsserves as a grim punctuation to a transition fraught with peril and uncertainty. This is not merely a moment of logistical handover; it is a test of whether the sacrifices made over more than a decade can yield a ",a,0.82,"Article A is clearer, more detailed, and largely error-free, whereas B contains multiple grammatical and formatting mistakes.",original,a,0.78,Article A reads like a polished news analysis with precise sourcing and fewer stylistic glitches.,original
007-afghanistanconferencewonrock,aljazeera,Afghanistan conference won't rock the boat,original,ai,"{
  ""verdict"": ""The article critiques the international aid system in Afghanistan, highlighting systemic flaws, performative assessments, and mutual failures between donors and the Afghan government, while calling for substantive reform under new leadership.""
}","{
  ""verdict"": ""The international aid system in Afghanistan has failed both its donors and its intended beneficiaries, plagued by performative assessments, systemic inefficiencies, and a lack of accountability. True reform requires dismantling entrenched structures and empowering local leadership to ensure aid serves the Afghan people, not just political agendas.""
}",a,0.97,"Article A is coherent, detailed, and well-structured, while B is a brief summary rather than a full article.",original,a,0.95,"Article A is a detailed, coherent narrative while B is a terse meta-style summary in JSON.",original
008-afghanistanreadydrawdown,aljazeera,Is Afghanistan ready for the drawdown?,ai,original,"```json
{
  ""transcription"": [
    ""• NATO and US forces in Afghanistan are being reduced from 140,000 to 13,500 troops, transitioning from ISAF to Resolute Support Mission starting January 1"",
    ""• The author acknowledges previous predictions of political meltdown were proven wrong as Afghanistan achieved its first peaceful democratic transfer of power"",
    ""• Afghan security forces have demonstrated capability by successfully defending against Taliban offensives across multiple provinces"",
","{
  ""article"": ""Afghanistan stands at a pivotal crossroads. The planned reduction of NATO and U.S. forces to a residual presence marks not an endpoint, but the true beginning of a fragile testone of sovereignty, resilience, and political will. The first peaceful democratic transition of power and the Afghan security forces commendable defense against Taliban assaults are hopeful signs. Yet these hard-won gains are perilously exposed. Heavy casualties, endemic corruption, and a looming intensific",a,0.64,"Article A is more concise, focused, and stylistically cohesive despite minor typos.",ai,b,0.82,"Article B has detailed specifics and natural narrative flow, while A shows odd phrasing and errors.",original
009-aftercharliehebdoattackisla,aljazeera,"After Charlie Hebdo attack, the real war ",original,ai,"• France's Prime Minister Manuel Valls declares France at war with radical Islam, framing it as a conflict against terrorism, jihadism, and forces undermining fraternity and freedom.
• The term ""radical Islam"" is questioned, prompting an exploration of its definition and implications for the broader US-led war on extremism, particularly against groups like ISIL.
• The article clarifies that jihad in Islam has two forms: the lesser jihad (military struggle) and the greater jihad (internal, person","{
  ""verdict"": ""The transcription provides a balanced, nuanced perspective on combating extremism, emphasizing ideological engagement alongside military action, cautioning against conflating Islam with radicalism, and calling for systemic reforms and global cooperation.""
}",a,0.95,"Article A is coherent, substantive, and stylistically appropriate, while Article B is a meta JSON snippet rather than an article.",original,a,0.97,"Article A is a coherent op-ed with natural flow, while B is a meta-style JSON likely from an AI.",original
010-americanevertortureagainlawsci,guardian,"If America wants to make sure it never tortures again, it must choose law over secrecy",ai,original,"[
  ""Senator Feinstein released a letter to President Obama advocating for legislative reforms to prevent future U.S. engagement in torture, following the release of the Senate torture report."",
  ""The author acknowledges Feinstein's effort as commendable but highlights that existing laws (e.g., against torture, war crimes, lying to Congress) have not been enforced against the CIA, implying systemic impunity."",
  ""Key obstacles to accountability include lack of political will for prosecution, re","{
  ""article"": ""The recent release of Senator Feinstein's letter to President Obama, advocating for legislative reforms to prevent future U.S. engagement in torture, should be a moment of national reflectionyet it instead underscores a deeper, more troubling reality: Americas system of accountability is broken. While Feinsteins effort is commendable, it lays bare the uncomfortable truth that existing laws against torture, war crimes, and deception have been rendered hollow by a culture of impuni",b,0.84,"Article B is clearer, more detailed, and better structured with fewer typographical issues.",original,b,0.78,"Article B has richer detail, natural flow, and specific references typical of human op-eds.",original
011-amnesiaimmigrationeuropelesson,guardian,"Amnesia, not immigration, is our problem",original,ai,"```json
{
    ""transcription"": [
        ""• 2015 began with concerning signs of declining tolerance in Europe, including mosque attacks in Sweden, anti-Islamization demonstrations in Germany, and rising antisemitism"",
        ""• Populist xenophobic parties gained traction in recent European elections, with explanations ranging from economic crisis and unemployment to middle-class disenfranchisement and globalization anxieties"",
        ""• Anti-immigration narratives falsely attribute Europe's pr","{
  ""article"": ""Europe stands at a familiar crossroads, once again grappling with the specter of intolerance that shadows its streets and statutes. The troubling rise of xenophobic populism and anti-immigrant sentimentfrom mosque attacks to the normalization of exclusionary rhetoricis not merely a reaction to economic anxiety or globalization. It is, more profoundly, a failure of memory. Europe is forgetting itself. Beneath the current strife lies a historical truth: diversity is not an invasion",a,0.78,"Article A is more substantive, coherent, and well-supported with historical references.",original,a,0.84,"Article A shows nuanced detail, references, and imperfections typical of human writing, while B reads like a concise AI-style summary in JSON.",original
012-anotherclimatechangesummitd,aljazeera,Another climate change summit: Don't give up,ai,original,"```json
{
    ""transcription"": [
        ""• Widespread disillusionment exists with global climate negotiations (e.g., COP 20 in Lima) due to historical ineffectiveness and rising emissions"",
        ""• Despite past failures, 2014 represents a pivotal moment with tangible shifts in climate movements, economics, and politics"",
        ""• Climate activism has regained momentum globally, evidenced by record-breaking marches and successful opposition to fossil fuel infrastructure"",
        ""• Renewab","{
    ""title"": ""The Turning Tide: Why 2014 Marked a Shift in Our Climate Fight"",
    ""body"": ""In the shadow of decades of stalled negotiations and rising emissions, a new chapter in the global climate story is being written. The year 2014 emerged not as a panacea, but as a pivotal inflection pointa moment when disillusionment began to give way to tangible, collective momentum. While past climate summits often echoed with hollow promises, the developments of this year suggest that the ground is s",a,0.8,"Article A is more coherent, polished, and concise with clearer structure and fewer grammatical issues.",ai,b,0.69,"Article B has natural flow, specific details, and human-like imperfections.",original
013-anxiousbritainsuccourtvleadere,guardian,Anxious Britain will find no succour in a TV election debate,ai,original,"{
  ""transcription"": [
    ""• The author holds conflicting views on television election debates: believes the Greens have a legitimate claim to participate based on parliamentary seats or polling data, but also views debates as unproductive spectacles resembling mud wrestling."",
    ""• Criticizes the reduction of political discourse to simplistic, adversarial exchanges ('dids' and 'didn’ts') that degrade both participants and viewers."",
    ""• Contrasts past political apathy as a 'boom-time opti","{
  ""article"": ""In an era defined by economic fragility and pervasive anxiety, our political discourse has devolved into a spectacle that fails to address the root causes of public dread. Television debates, often touted as pillars of democracy, resemble mud wrestling more than meaningful dialoguea reduction of complex issues to adversarial soundbites that degrade both participants and viewers. While the Greens may have a legitimate claim to participate based on seats or polls, their inclusion w",b,0.8,"Article B is more coherent, detailed, and stylistically engaging with stronger evidence and flow.",original,b,0.84,"Article B shows richer narrative flow, nuanced rhetoric, and idiosyncratic style consistent with human writing.",original
014-areelectedlnpwithoutcampbellne,guardian,A re-elected LNP without Campbell Newman: could this be the election that returns Queensland to normality?,ai,original,"```json
{
  ""transcription"": [
    ""• The 2012 Queensland election resulted in a landslide victory for Campbell Newman's LNP government, reducing Labor's seats from 51 to 7 while LNP increased from 34 to 78 seats"",
    ""• Despite losing some seats in by-elections and defections, the LNP maintains a massive parliamentary majority requiring a large swing for government change"",
    ""• Traditional electoral analysis is complicated because most LNP marginal seats were historically safe Labor seats, ","{
  ""article"": ""Queensland stands at a political crossroads, caught between the aftershocks of an electoral earthquake and the slow return to its natural political rhythm. The 2012 landslide that swept Campbell Newmans LNP into powerreducing Labor to a skeletal seven seatsnow appears less a realignment than an anomaly, a temporary rupture in the states long-standing political character. As the next election approaches, the landscape is defined by fragility: a premier fighting for survival in his",b,0.68,"Article B is clearer, more coherent, and has fewer grammatical and formatting errors.",original,b,0.62,"Article B’s factual, structured reporting style and specific seat data feel more like human news analysis.",original
015-areyoudrinkingbecauseyourework,guardian,"Are you drinking because you're working long hours, or are you working long hours to justify drinking?",ai,original,"- International study (Finnish researchers, 300,000 subjects across Europe, Australia, North America) finds working >48 hours/week increases likelihood of risky alcohol consumption by 11% compared to standard workweek.
- Health guidelines define risky drinking as >14 drinks/week for women, >21 for men.
- Finland, despite progressive policies, has alcohol-related incidents (accidents, violence, suicide) as leading cause of death for working-age adults.
- Australia faces severe alcohol issues: ~15","{
  ""article"": ""The recent international study revealing that working more than 48 hours a week increases the likelihood of risky alcohol consumption by 11% is more than a statisticit is a stark reflection of a modern epidemic festering in plain sight. With Finlands alcohol-related incidents as a leading cause of death among working-age adults and Australia facing over 5,500 annual alcohol-related deaths, this correlation demands our urgent attention. It exposes how 'work hard, play hard' cultur",b,0.76,"Article B is clearer, better structured, and provides sourced context despite minor formatting issues.",original,b,0.78,"Article B is more detailed, nuanced, and coherent with varied sources and arguments.",original
016-argentinadebtcrisiscountryturn,foxnews,Argentina's Debt Crisis: Country turns to UN to avoid accountability,ai,original,"```json
{
  ""transcription"": [
    ""• Argentina has defaulted on sovereign debt 10 times, with the most recent default occurring in summer 2014"",
    ""• The country has experienced significant economic decline, falling from top 10 in per capita income (early 1900s) to 55th (2012)"",
    ""• Argentina is refusing to pay bondholders billions of dollars while employing stubbornness, bullying and intimidation tactics"",
    ""• Argentina seeks to establish a multilateral legal framework for sovereign de","{
  ""article"": ""Argentina's ongoing debt saga represents more than just financial failureit reveals a troubling global pattern where accountability is sacrificed for political expediency. The nation's deliberate 2014 default, its tenth, wasn't born of necessity but of choice, reflecting a government that prefers theatrical confrontation over sober negotiation. By labeling creditors 'vulture funds' and rallying sympathetic international bodies, Argentina weaponizes victimhood to evade responsibil",a,0.88,"Article A is concise, cohesive, and polished, while Article B is cluttered with captions and minor errors.",ai,b,0.7,Article B contains real-world reporting details and messy publication artifacts typical of human-written news content.,original
017-argentinagrowthatwhatprice,aljazeera,Argentina: Growth at what price?,ai,original,"- Argentina's development path is in direct opposition to climate change mitigation efforts.
- Argentine representatives attending the Climate Change Summit in Peru face scrutiny due to the country's poor environmental record.
- Patagonia's average temperature has risen by 1°C over 50 years, causing significant glacier retreat.
- Eastern Argentina has seen a 10% increase in rainfall over the same period, with severe flooding linked to land use changes and ecosystem deterioration.
- The country i","{
  ""title"": ""Argentina's Environmental Crossroads: A Nation at Odds with Its Future"",
  ""author"": ""Concerned Observer"",
  ""date"": ""2024-10-01"",
  ""body"": ""Argentina stands at a critical juncture, where its economic ambitions clash violently with environmental imperatives. The nation's development trajectory, heavily reliant on extractive industries and agricultural expansion, directly undermines global climate mitigation efforts. With Patagonia's glaciers retreating after a 1C temperature rise,",a,0.68,"Article A is more concise and coherent, with fewer grammatical issues and better flow.",ai,b,0.8,"Article B has detailed, sourced-like specifics and natural flow typical of human journalism.",original
018-armeniacancountrussiaanymo,aljazeera,Armenia can't count on Russia any more,ai,original,"[
  ""Armenia's traditional role as a reliable partner and ally of Russia has been largely unchallenged, driven by security and economic dependencies."",
  ""Security reliance stems from the unresolved Nagorno-Karabakh conflict with Azerbaijan, absence of diplomatic relations with Turkey, and non-recognition of the Armenian genocide by Turkey, creating a heightened threat perception."",
  ""Economic dependence includes remittances from Armenians working in Russia, underscoring Russia's critical role ","{
  ""article"": ""The murder of an Armenian family in Gyumri by a Russian soldier is more than a tragedyit is a rupture. For decades, Armenias alliance with Russia appeared unshakable, anchored in existential security needs and economic lifelines. Yet this horrific act, and the callous institutional responses that followed, have exposed the brittle foundations of a partnership long taken for granted.\n\nTrust, once Armenias strategic compass, now lies fractured. The outrage on the streets of Yerev",b,0.68,"Article B is clearer, more structured, and free of the formatting glitches present in A.",original,b,0.69,"Article B has detailed reporting structure, consistent tone, and specific chronology typical of human journalism.",original
019-asphyxiatedpoliticsmuslimw,aljazeera,The asphyxiated politics of the Muslim world,original,ai,"```json
{
  ""transcription"": [
    ""• Current Muslim world faces severe crisis due to negative media portrayal from ISIL and other violent groups, with 2014 marking a particularly low point"",
    ""• Core problem identified as threefold: failed political leadership, passive religious scholars, and weak civil society structures"",
    ""• Historical context: Islam previously unified Muslims into successful global community (ummah) with shared values and pluralistic civilization"",
    ""• Centuries of","{""title"": ""At the Crossroads: Reclaiming the Soul of Muslim Politics"", ""body"": ""The Muslim world stands at a profound juncture, grappling with crises that extend far beyond the headlines of violence and extremism. What we witness today is not merely a geopolitical struggle, but a deep spiritual and moral crisis rooted in failed leadership, fractured societies, and a troubling knowledge deficit that has persisted for centuries.\n\nThe current predicamentmarked by political oppression, economic mi",b,0.78,"B is clearer, more concise, and better structured with coherent flow and polished language.",ai,a,0.76,"Article A shows natural variation, imperfections, and human-like flow, while B reads like a polished summary and is presented in JSON.",original
020-assadpresidentsyria,aljazeera,Assad's crumbling presidency ,original,ai,"```json
{
    ""transcription"": [
        ""• Syria is experiencing catastrophic national collapse characterized by mass displacement, destruction of heritage, and loss of territorial control"",
        ""• The country has become a battleground for multiple external actors (ISIL, Hezbollah, Israel, US) operating under non-Syrian flags"",
        ""• Bashar al-Assad maintains a nominal presidency but is increasingly marginalized and irrelevant despite his persistent public appearances"",
        ""• The ","### The Hollowed-Out State: Syrias Unseen Tragedy

In the ruins of Syria, a nation once rich with history and culture, lies a sobering lesson about the fragility of sovereignty. The countrys collapse is not merely a story of war and destructionit is a profound unraveling of the very idea of the state. As the world watches, Syria has become a ghost of its former self, a territory where power is an illusion and suffering is the only constant.

The statistics alone are staggering: over 200,000 dead",b,0.78,"B is more coherent, concise, and stylistically polished than the fragmented, error-prone A.",ai,a,0.72,"Article A contains specific details, dates, names, and natural imperfections typical of human reporting.",original
